mrNumHiree,mrNumProcessing,hireeName,hireeDate,hireeRate,created_at,updated_at
1,1,Bryan Gonzales,2019-01-15 15:15:08,33000,6/26/2023 13:58,6/26/2023 13:58
2,1,Jacob Miniano,2019-01-16 15:15:08,33000,6/27/2023 14:35,6/27/2023 14:35
3,1,Laurence Pistolo,2019-01-17 15:15:08,33000,7/4/2023 15:27,7/4/2023 15:27
4,1,Carly Tenorio,2019-01-17 15:15:08,33000,8/15/2023 15:46,8/15/2023 15:46
5,2,Elton Espino,2019-06-25 09:20:02,33000,9/4/2023 14:46,9/4/2023 14:46
6,2,Juan Valencia,2019-06-25 09:20:02,33000,9/7/2023 12:22,9/7/2023 12:22
7,2,Taylor Agutaya,2019-06-28 09:20:02,33000,9/11/2023 10:56,9/11/2023 10:56
8,2,Kayla Conmigo,2019-06-28 09:20:02,33000,9/20/2023 9:02,9/20/2023 9:02
9,2,Michael Esponilla,2019-01-29 15:15:08,33000,10/16/2023 16:21,10/16/2023 16:21
10,2,Fred Yumang,2019-01-29 15:15:08,33000,10/20/2023 18:22,10/20/2023 18:22
11,3,Marco Vergara,2019-06-24 13:50:26,10800,10/25/2023 19:27,10/25/2023 19:27
12,3,Jermaine Quevedo,2019-06-24 13:50:26,10800,11/24/2023 15:42,11/24/2023 15:42
13,3,Lisa Torralba,2019-06-24 13:50:26,10800,11/27/2023 14:33,11/27/2023 14:33
14,3,Jericho Vicencio,2019-06-24 13:50:26,10800,11/30/2023 12:29,11/30/2023 12:29
15,6,Dwyn Basilio,2020-11-09 13:19:08,33000,12/7/2023 15:46,12/7/2023 15:46
16,6,Mario Calvo,2020-11-09 13:19:08,33000,12/8/2023 16:28,12/8/2023 16:28
17,6,Mercedes Rojas,2020-11-09 13:19:08,33000,12/13/2023 17:41,12/13/2023 17:41
18,6,Maria Victoria Garrido,2020-11-09 13:19:08,33000,12/14/2023 18:40,12/14/2023 18:40
19,7,Albert Salcedo,2021-06-24 11:00:49,33000,12/15/2023 9:56,12/15/2023 9:56
20,7,Maria Josefa Cano,2021-06-24 11:00:49,33000,12/20/2023 9:34,12/20/2023 9:34
21,7,Miguel Delgado,2021-06-24 11:00:49,33000,6/1/2023 10:35,6/1/2023 10:35
22,7,Lucia Prieto,2021-06-24 11:00:49,33000,6/8/2023 11:10,6/8/2023 11:10
23,7,Maria Hidalgo,2021-06-24 11:00:49,33000,6/12/2023 12:00,6/12/2023 12:00
24,7,Ruben Arias,2021-06-24 11:00:49,33000,6/19/2023 12:29,6/19/2023 12:29
25,8,Ernest Ramirez,2022-01-05 13:47:16,33000,6/21/2023 13:12,6/21/2023 13:12
26,8,Patricia Rodriguez,2022-01-05 13:47:16,33000,6/22/2023 7:25,6/22/2023 7:25
27,9,Daniel Malinao,2022-07-27 01:04:47,33000,6/26/2023 9:07,6/26/2023 9:07
28,9,Enrique Alonso,2022-07-27 01:04:47,33000,6/29/2023 9:07,6/29/2023 9:07
29,9,Victoria Contes,2022-07-27 01:04:47,33000,7/6/2023 11:59,7/6/2023 11:59
30,9,Andrea Arias,2022-07-27 01:04:47,33000,7/14/2023 12:28,7/14/2023 12:28
31,10,Benny Carino,2023-01-08 02:16:15,33000,7/27/2023 12:55,7/27/2023 12:55
32,10,Mateo Vicente,2023-01-08 02:16:15,33000,8/23/2023 14:46,8/23/2023 14:46
33,10,Jaime Rodriguez,2023-01-08 02:16:15,33000,8/31/2023 17:30,8/31/2023 17:30
34,10,Luisa Herrera,2023-01-08 02:16:15,33000,9/6/2023 18:16,9/6/2023 18:16
35,11,Gracelyn Padilla,2018-08-24 14:31:30,33000,9/8/2023 18:53,9/8/2023 18:53
36,11,Mario Parra,2018-08-24 14:31:30,33000,9/13/2023 19:27,9/13/2023 19:27
37,12,Ysanne Cristobal,2019-01-20 14:01:05,33000,9/20/2023 20:30,9/20/2023 20:30
38,12,Mohammed Jimenez,2019-01-20 14:01:05,33000,10/5/2023 11:49,10/5/2023 11:49
39,15,Phaedra Abdullah,2020-08-19 19:56:57,33000,10/19/2023 9:07,10/19/2023 9:07
40,15,Ikre Crespo,2020-08-19 19:56:57,33000,11/3/2023 9:56,11/3/2023 9:56
41,15,Natalia Montero,2020-08-19 19:56:57,33000,11/6/2023 10:32,11/6/2023 10:32
42,15,Soledad Caballero,2020-08-19 19:56:57,33000,11/23/2023 12:16,11/23/2023 12:16
43,15,Angelo Quijano,2020-08-19 19:56:57,33000,11/30/2023 12:35,11/30/2023 12:35
44,15,Mueller Apostol,2020-08-19 19:56:57,33000,12/1/2023 13:43,12/1/2023 13:43
45,16,Aiden Rosal,2021-01-12 20:25:34,10800,12/21/2023 14:35,12/21/2023 14:35
46,16,Wayne Carpio,2021-01-12 20:25:34,10800,11/3/2023 15:19,11/3/2023 15:19
47,16,Nigel David,2021-01-12 20:25:34,10800,11/10/2023 15:57,11/10/2023 15:57
48,16,Nathaniel Sabado,2021-01-12 20:25:34,10800,11/13/2023 9:34,11/13/2023 9:34
49,17,Jayson Delgado,2021-08-14 03:54:15,33000,11/20/2023 10:30,11/20/2023 10:30
50,17,Marco Vargas,2021-08-14 03:54:15,33000,6/20/2023 10:49,6/20/2023 10:49
51,19,Luca Abalos,2022-08-14 10:59:39,33000,7/12/2023 11:26,7/12/2023 11:26
52,19,Sasha Gonzaga,2022-08-14 10:59:39,33000,7/20/2023 12:17,7/20/2023 12:17
53,19,Seren Andal,2022-08-14 10:59:39,33000,7/26/2023 16:21,7/26/2023 16:21
54,19,Jillian Zamora,2022-08-14 10:59:39,33000,7/31/2023 17:17,7/31/2023 17:17
55,20,Crisanto Basa,2023-01-08 02:16:15,33000,8/10/2023 17:41,8/10/2023 17:41
56,20,Katrice Basa,2023-01-08 02:16:15,33000,8/15/2023 13:46,8/15/2023 13:46
57,20,Kyla David,2023-01-08 02:16:15,33000,9/4/2023 14:35,9/4/2023 14:35
58,20,Christine Padilla,2023-01-08 02:16:15,33000,9/8/2023 15:29,9/8/2023 15:29
59,20,Fergus Laurente,2023-01-08 02:16:15,33000,9/12/2023 16:00,9/12/2023 16:00
60,21,Wynne Sultan,2018-09-12 12:33:31,10800,7/4/2023 20:30,7/4/2023 20:30
61,21,Albert Pablo,2018-09-12 12:33:31,10800,7/6/2023 19:40,7/6/2023 19:40
62,21,Daniel Guzman,2018-09-12 12:33:31,10800,7/10/2023 18:22,7/10/2023 18:22
63,22,Charlie Bueno,2019-03-26 16:28:56,33000,7/14/2023 18:35,7/14/2023 18:35
64,22,Caroline Rosales,2019-03-26 16:28:56,33000,7/21/2023 13:58,7/21/2023 13:58
65,22,Nicole Guevarra,2019-03-26 16:28:56,33000,7/25/2023 14:46,7/25/2023 14:46
66,22,Lillian Dalisay,2019-03-26 16:28:56,33000,7/28/2023 12:28,7/28/2023 12:28
67,23,Vaiana Espina,2019-08-02 06:21:07,33000,8/11/2023 12:47,8/11/2023 12:47
68,23,Georgina Marcos,2019-08-02 06:21:07,33000,8/31/2023 13:51,8/31/2023 13:51
69,23,Cynthia Apostol,2019-08-02 06:21:07,33000,9/1/2023 14:46,9/1/2023 14:46
70,23,Kyla Espinosa,2019-08-02 06:21:07,33000,9/14/2023 15:42,9/14/2023 15:42
71,24,Nara Rivera,2020-02-11 06:39:36,33000,9/27/2023 16:00,9/27/2023 16:00
72,24,Jaime Mendez,2019-08-02 06:21:07,33000,10/2/2023 11:49,10/2/2023 11:49
73,24,Wynne dela Cerna,2019-08-02 06:21:07,33000,10/10/2023 11:59,10/10/2023 11:59
74,24,Liddy Valdez,2019-08-02 06:21:07,33000,11/22/2023 12:16,11/22/2023 12:16
75,38,Genkei Esguerra,2022-01-25 17:52:08,33000,11/23/2023 12:29,11/23/2023 12:29
76,38,Aquene Alba,2022-01-25 17:52:08,33000,11/24/2023 12:42,11/24/2023 12:42
77,38,Mariel Frias,2022-01-25 17:52:08,33000,12/5/2023 17:22,12/5/2023 17:22
78,38,Zenaida dela Cruz,2022-01-25 17:52:08,33000,12/15/2023 18:22,12/15/2023 18:22
79,38,Alizeé Catalan,2022-01-25 17:52:08,33000,6/5/2023 8:00,6/5/2023 8:00
80,38,Georgina Rodrigo,2022-01-25 17:52:08,33000,6/6/2023 9:34,6/6/2023 9:34
81,71,Harlem Cervantes,2018-09-12 12:33:31,33000,6/23/2023 13:45,6/23/2023 13:45
82,71,Ysanne Natividad,2018-09-12 12:33:31,33000,6/19/2023 20:14,6/19/2023 20:14
83,71,Sirena Nuñez,2018-09-12 12:33:31,33000,6/20/2023 12:42,6/20/2023 12:42
84,71,Bora Padua,2018-09-12 12:33:31,33000,6/23/2023 13:45,6/23/2023 13:45
85,72,Kyle Tan,2019-01-02 15:01:56,10800,6/19/2023 20:14,6/19/2023 20:14
86,72,Murphy Chua,2019-01-02 15:01:56,10800,6/20/2023 10:48,6/20/2023 10:48
87,72,Skylar Rico,2019-01-02 15:01:56,10800,7/5/2023 11:10,7/5/2023 11:10
88,72,Jasmine Bernardo,2019-01-02 15:01:56,10800,7/13/2023 18:10,7/13/2023 18:10
89,73,Ezekiel Moreno,2019-07-31 11:35:04,33000,7/28/2023 18:40,7/28/2023 18:40
90,73,Melchor Samson,2019-07-31 11:35:04,33000,8/11/2023 19:27,8/11/2023 19:27
91,73,John Michael Perez,2019-07-31 11:35:04,33000,8/17/2023 19:40,8/17/2023 19:40
92,73,Alvin Diaz,2019-07-31 11:35:04,33000,8/18/2023 20:35,8/18/2023 20:35
93,73,Ernest Villamor,2019-07-31 11:35:04,33000,8/22/2023 18:16,8/22/2023 18:16
94,77,Lancel Pelayo,2021-08-12 03:17:39,33000,8/28/2023 15:42,8/28/2023 15:42
95,77,Juan Constantino,2021-08-12 03:17:39,33000,9/5/2023 16:18,9/5/2023 16:18
96,77,Kyel Carreon,2021-08-12 03:17:39,33000,9/8/2023 17:41,9/8/2023 17:41
97,77,Kemp David,2021-08-12 03:17:39,33000,10/16/2023 9:02,10/16/2023 9:02
98,78,Rizalino Eugenio,2022-02-03 13:14:57,10800,10/17/2023 9:56,10/17/2023 9:56
99,78,Felix Neri,2022-02-03 13:14:57,10800,11/6/2023 10:30,11/6/2023 10:30
100,78,Theo Lorenzo,2022-02-03 13:14:57,10800,11/29/2023 10:49,11/29/2023 10:49
101,79,Bryan Sabado,2022-07-30 03:43:10,10800,12/22/2023 11:26,12/22/2023 11:26
102,79,Ryuu Gregorio,2022-07-30 03:43:10,10800,12/25/2023 12:16,12/25/2023 12:16
103,80,Cyril Dionisio,2023-01-18 22:31:56,33000,8/2/2023 12:42,8/2/2023 12:42
104,80,Vern Cinco,2023-01-18 22:31:56,33000,8/3/2023 16:16,8/3/2023 16:16
105,80,John Lloyd Valencia,2023-01-18 22:31:56,33000,8/9/2023 10:56,8/9/2023 10:56
106,81,Wayne Canoy,2018-06-17 15:58:13,33000,6/20/2023 12:42,6/20/2023 12:42
107,81,Benjamin Mohammad,2018-06-17 15:58:13,33000,6/23/2023 13:45,6/23/2023 13:45
108,81,Noah Aquino,2018-06-17 15:58:13,33000,6/19/2023 20:14,6/19/2023 20:14
109,81,Justine Herrera,2018-06-17 15:58:13,33000,6/20/2023 12:42,6/20/2023 12:42
110,82,Crisanto Cuevas,2018-11-08 12:39:24,33000,6/23/2023 13:45,6/23/2023 13:45
111,82,Melchor Salcedo,2018-11-08 12:39:24,33000,8/17/2023 9:43,8/17/2023 9:43
112,82,Ernest Luna,2018-11-08 12:39:24,33000,8/30/2023 10:30,8/30/2023 10:30
113,82,John Carlo Rubio,2018-11-08 12:39:24,33000,9/5/2023 11:49,9/5/2023 11:49
114,83,Cedric Bautista,2019-07-15 12:07:17,10800,9/6/2023 12:23,9/6/2023 12:23
115,83,Noah Gonzales,2019-07-15 12:07:17,10800,9/11/2023 13:12,9/11/2023 13:12
116,83,Lancel Pelayo,2019-07-15 12:07:17,10800,9/19/2023 16:03,9/19/2023 16:03
117,84,Adrian Yap,2020-01-14 13:26:18,33000,9/29/2023 18:53,9/29/2023 18:53
118,84,Kenneth Arcilla,2020-01-14 13:26:18,33000,10/20/2023 7:24,10/20/2023 7:24
119,84,Jess Solomon,2020-01-14 13:26:18,33000,10/25/2023 8:25,10/25/2023 8:25
120,85,Arellano Mangubat,2020-06-30 12:02:09,12000,11/6/2023 9:07,11/6/2023 9:07
121,85,Juan Enriquez,2020-06-30 12:02:09,12000,6/2/2023 10:04,6/2/2023 10:04
122,85,Jejomar Cuizon,2020-06-30 12:02:09,12000,6/9/2023 10:44,6/9/2023 10:44
123,85,Itzan Manansala,2020-06-30 12:02:09,12000,6/20/2023 11:55,6/20/2023 11:55
124,86,Zion Bernardo,2018-08-19 14:59:34,10800,7/7/2023 12:21,7/7/2023 12:21
125,86,Charlie Francisco,2018-08-19 14:59:34,10800,7/10/2023 13:13,7/10/2023 13:13
126,86,Ernest Caballero,2018-08-19 14:59:34,10800,7/25/2023 13:41,7/25/2023 13:41
127,86,Otto Arroyo,2018-08-19 14:59:34,10800,10/13/2023 15:17,10/13/2023 15:17
128,86,Riley San Jose,2018-08-19 14:59:34,10800,10/17/2023 15:39,10/17/2023 15:39
129,87,Gabriel Peña,2019-02-17 15:11:10,33000,10/27/2023 17:03,10/27/2023 17:03
130,87,Mark Verano,2019-02-17 15:11:10,33000,10/31/2023 17:38,10/31/2023 17:38
131,87,Calix Abalos,2019-02-17 15:11:10,33000,11/9/2023 13:31,11/9/2023 13:31
132,87,Evan Panganiban,2019-02-17 15:11:10,33000,11/22/2023 14:32,11/22/2023 14:32
133,87,Dexter Espino,2019-02-17 15:11:10,33000,11/27/2023 10:03,11/27/2023 10:03
134,88,Luca Villanueva,2019-07-12 11:02:29,33000,11/29/2023 10:56,11/29/2023 10:56
135,88,Adrian Sanchez,2019-07-12 11:02:29,33000,11/30/2023 7:24,11/30/2023 7:24
136,88,Nigel Salas,2019-07-12 11:02:29,33000,12/12/2023 8:51,12/12/2023 8:51
137,88,Dylan Ruiz,2019-07-12 11:02:29,33000,6/30/2023 16:06,6/30/2023 16:06
138,89,Jiro Padua,2020-01-20 22:56:02,33000,7/17/2023 17:42,7/17/2023 17:42
139,89,Nathaniel Basco,2020-01-20 22:56:02,33000,7/18/2023 17:38,7/18/2023 17:38
140,89,Kyel Basa,2020-01-20 22:56:02,33000,7/27/2023 18:04,7/27/2023 18:04
141,90,Jyn Pelayo,2020-08-06 06:44:43,33000,7/31/2023 18:20,7/31/2023 18:20
142,90,Jerome Abdul,2020-08-06 06:44:43,33000,8/7/2023 10:18,8/7/2023 10:18
143,91,Alina Gutierrez,2021-02-15 09:02:27,10800,8/22/2023 12:03,8/22/2023 12:03
144,91,John Lloyd Salvador,2021-02-15 09:02:27,10800,8/28/2023 8:40,8/28/2023 8:40
145,95,Lyka Mae Munoz,2023-01-29 11:54:50,10800,9/5/2023 10:04,9/5/2023 10:04
146,95,Vin Palma,2023-01-29 11:54:50,10800,10/4/2023 13:41,10/4/2023 13:41
147,95,Jerome Abdul,2023-01-29 11:54:50,10800,10/9/2023 15:10,10/9/2023 15:10
148,97,Giselle Fernando,2019-03-14 20:02:01,33000,10/13/2023 17:38,10/13/2023 17:38
149,97,Calix Guzman,2019-03-14 20:02:01,33000,10/23/2023 17:59,10/23/2023 17:59
150,97,Harlem Sanchez,2019-03-14 20:02:01,33000,10/24/2023 18:17,10/24/2023 18:17
151,98,Skylar Villegas,2019-08-03 16:38:46,33000,10/25/2023 19:15,10/25/2023 19:15
152,98,John Michael de Asis,2019-08-03 16:38:46,33000,11/7/2023 19:38,11/7/2023 19:38
153,98,Faro Solis,2019-08-03 16:38:46,33000,11/9/2023 20:42,11/9/2023 20:42
154,98,Jacob Sevilla,2019-08-03 16:38:46,33000,11/10/2023 20:51,11/10/2023 20:51
155,98,Kylen Galvez,2019-08-03 16:38:46,33000,11/28/2023 19:25,11/28/2023 19:25
156,99,Jillian Barrientos,2020-02-05 18:15:20,33000,12/1/2023 15:18,12/1/2023 15:18
157,99,Cedric Mangubat,2020-02-05 18:15:20,33000,12/6/2023 14:39,12/6/2023 14:39
158,99,Jess Villarin,2020-02-05 18:15:20,33000,12/29/2023 12:19,12/29/2023 12:19
159,99,Yuji Malinao,2020-02-05 18:15:20,33000,11/10/2023 12:30,11/10/2023 12:30
160,100,Dwyn Asis,2020-07-23 20:06:51,33000,11/16/2023 10:03,11/16/2023 10:03
161,100,Hazel de Mesa,2020-07-23 20:06:51,33000,11/28/2023 10:07,11/28/2023 10:07
162,100,Louvel Plaza,2020-07-23 20:06:51,33000,12/5/2023 8:05,12/5/2023 8:05
163,100,Sophiel Briones,2020-07-23 20:06:51,33000,12/7/2023 9:03,12/7/2023 9:03
164,100,Janelle Delos Reyes,2020-07-23 20:06:51,33000,12/12/2023 20:43,12/12/2023 20:43
165,101,Luca del Mundo,2021-02-06 17:46:51,33000,4/22/2023 10:45:00,4/22/2023 10:45:00
166,101,Aurora Serrano,2021-02-06 17:46:51,33000,04/18/2023 14:06:00,04/18/2023 14:06:00
167,101,Elaine Pimentel,2021-02-06 17:46:51,33000,03/02/2023 13:40:47,03/02/2023 13:40:47
168,101,Jeneth Alba,2021-02-06 17:46:51,33000,07/20/2023 9:38:18,07/20/2023 9:38:18
169,101,Skylar Estrella,2021-02-06 17:46:51,33000,09/09/2023 12:44:49,09/09/2023 12:44:49
170,102,Ernie Villamor,2021-08-07 14:52:09,33000,03/05/2023 5:34:23,03/05/2023 5:34:23
171,102,Janelle Gallardo,2021-08-07 14:52:09,33000,26/02/2023 04:14:11,26/02/2023 04:14:11
172,103,Shayne Juan,2022-02-01 22:11:13,33000,23/01/2023 17:10:49,23/01/2023 17:10:49
173,103,Nathalie Santa Ana,2022-02-01 22:11:13,33000,10/01/2023 23:00:58,10/01/2023 23:00:58
174,103,Katrice Morales,2022-02-01 22:11:13,33000,13/02/2023 20:19:03,13/02/2023 20:19:03
175,104,Eason Antonio,2022-08-11 00:57:15,33000,29/03/2023 08:33:38,29/03/2023 08:33:38
176,104,Ysanne Manansala,2022-08-11 00:57:15,33000,21/02/2023 21:37:10,21/02/2023 21:37:10
177,104,Holly Pacheco,2022-08-11 00:57:15,33000,15/04/2023 22:57:45,15/04/2023 22:57:45
178,104,Nathalie Santa Ana,2022-08-11 00:57:15,33000,02/03/2023 23:29:43,02/03/2023 23:29:43
179,105,Mark Anthony Marcelino,2023-01-19 10:04:57,33000,16/02/2023 20:37:51,16/02/2023 20:37:51
180,105,Liddy Lozano,2023-01-19 10:04:57,33000,18/05/2023 19:07:42,18/05/2023 19:07:42
181,105,Louvel Andaya,2023-01-19 10:04:57,33000,25/02/2023 16:32:32,25/02/2023 16:32:32
182,106,Murphy Raymundo,2021-12-16 15:22:15,33000,27/02/2023 12:08:05,27/02/2023 12:08:05
183,106,Sasha Villarin,2021-12-16 15:22:15,33000,28/06/2023 03:42:16,28/06/2023 03:42:16
184,106,Wynne Pilapil,2021-12-16 15:22:15,33000,03/06/2023 21:06:50,03/06/2023 21:06:50
185,109,Wilfred David,2022-07-23 11:57:54,33000,11/02/2023 15:05:35,11/02/2023 15:05:35
186,109,Rhodette Alejandro,2021-12-16 15:22:15,33000,02/05/2023 8:19:00,02/05/2023 8:19:00
187,109,Aurora Pimentel,2021-12-16 15:22:15,33000,30/05/2023 20:50:16,30/05/2023 20:50:16
188,109,Nora Santos,2021-12-16 15:22:15,33000,23/06/2023 02:17:29,23/06/2023 02:17:29
189,110,Lancel Arroyo,2023-01-14 10:14:51,33000,04/04/2023 22:23:41,04/04/2023 22:23:41
190,110,Amelie Legaspi,2023-01-14 10:14:51,33000,22/05/2023 20:58:45,22/05/2023 20:58:45
191,110,Alize Torres,2023-01-14 10:14:51,33000,13/03/2023 10:32:35,13/03/2023 10:32:35
192,111,Bryan Salcedo,2018-10-30 15:51:09,33000,12/06/2023 16:51:26,12/06/2023 16:51:26
193,111,Mary Joy Roque,2018-10-30 15:51:09,33000,18/01/2023 03:41:38,18/01/2023 03:41:38
194,111,Aintza Gaspar,2018-10-30 15:51:09,33000,13/01/2023 14:25:19,13/01/2023 14:25:19
195,111,Chesa Bautista,2018-10-30 15:51:09,33000,11/06/2023 20:42:15,11/06/2023 20:42:15
196,112,Ethan Rico,2019-01-25 07:08:10,33000,06/04/2023 10:40:05,06/04/2023 10:40:05
197,112,Liz Robles,2019-01-25 07:08:10,33000,27/05/2023 17:19:31,27/05/2023 17:19:31
198,112,Katrice Magno,2019-01-25 07:08:10,33000,15/03/2023 21:02:59,15/03/2023 21:02:59
199,113,Shawn Valdez,2019-07-20 00:06:48,33000,20/02/2023 18:57:38,20/02/2023 18:57:38
200,113,Thea Prado,2019-07-20 00:06:48,33000,05/05/2023 0:29:24,05/05/2023 0:29:24
201,113,Jorgie Pascual,2019-07-20 00:06:48,33000,17/01/2023 03:11:56,17/01/2023 03:11:56
202,115,James Pelayo,2020-08-16 01:04:25,33000,22/01/2023 19:00:46,22/01/2023 19:00:46
203,115,Louvel Samson,2020-08-16 01:04:25,33000,28/01/2023 13:28:43,28/01/2023 13:28:43
204,115,Nora Chua,2020-08-16 01:04:25,33000,20/03/2023 14:10:11,20/03/2023 14:10:11
205,116,John Paul Usman,2021-01-16 16:15:41,10800,11/23/2023 15:29,11/23/2023 15:29
206,116,Joie Padua,2021-01-16 16:15:41,10800,12/8/2023 16:03,12/8/2023 16:03
207,118,Kyel Raymundo,2022-02-17 11:12:20,33000,12/11/2023 16:28,12/11/2023 16:28
208,118,Eloise Duran,2022-02-17 11:12:20,33000,12/12/2023 13:58,12/12/2023 13:58
209,118,Mariel Cabrera,2022-02-17 11:12:20,33000,12/15/2023 17:30,12/15/2023 17:30
210,118,Chloe Legaspi,2022-02-17 11:12:20,33000,12/18/2023 17:42,12/18/2023 17:42
211,121,Alfie Manalo,2018-08-24 14:31:30,33000,6/2/2023 18:26,6/2/2023 18:26
212,121,Angel Jose,2018-08-24 14:31:30,33000,6/9/2023 19:27,6/9/2023 19:27
213,121,Leah Villarin,2018-08-24 14:31:30,33000,6/19/2023 20:14,6/19/2023 20:14
214,121,Bora Estrella,2018-08-24 14:31:30,33000,6/20/2023 12:42,6/20/2023 12:42
215,121,Lillian Jimenez,2018-08-24 14:31:30,33000,6/23/2023 13:45,6/23/2023 13:45
216,122,Fergus Castor,2019-01-01 10:39:19,33000,6/19/2023 20:14,6/19/2023 20:14
217,122,Jezel Ibanez,2019-01-01 10:39:19,33000,6/20/2023 12:42,6/20/2023 12:42
218,122,Jillian Guinto,2019-01-01 10:39:19,33000,6/23/2023 13:45,6/23/2023 13:45
219,124,Arellano Guillermo,2020-02-03 07:09:57,33000,6/19/2023 20:14,6/19/2023 20:14
220,124,Dream dela Torre,2020-02-03 07:09:57,33000,6/20/2023 12:42,6/20/2023 12:42
221,124,Erica Quinto,2020-02-03 07:09:57,33000,6/23/2023 13:45,6/23/2023 13:45
222,124,Myra Landicho,2020-02-03 07:09:57,33000,6/19/2023 20:14,6/19/2023 20:14
223,125,Luca Bernabe,2020-08-14 20:59:45,33000,6/20/2023 12:42,6/20/2023 12:42
224,125,Rafael Panes,2020-08-14 20:59:45,33000,6/23/2023 13:45,6/23/2023 13:45
225,125,Juan Villanueva,2020-08-14 20:59:45,33000,6/19/2023 20:14,6/19/2023 20:14
226,125,John Mark Raymundo,2020-08-14 20:59:45,33000,6/20/2023 12:42,6/20/2023 12:42
227,125,Otto Asis,2020-08-14 20:59:45,33000,6/23/2023 13:45,6/23/2023 13:45
228,126,Eason Dionisio,2021-02-14 06:06:19,33000,6/19/2023 20:14,6/19/2023 20:14
229,126,Aries Villareal,2021-02-14 06:06:19,33000,6/20/2023 12:42,6/20/2023 12:42
230,126,Eugene Yu,2021-02-14 06:06:19,33000,6/23/2023 13:45,6/23/2023 13:45
231,126,Kyel Rosales,2021-02-14 06:06:19,33000,6/19/2023 20:14,6/19/2023 20:14
232,126,Ash Mata,2021-02-14 06:06:19,33000,6/20/2023 12:42,6/20/2023 12:42
233,126,Nigel Pacheco,2021-02-14 06:06:19,33000,6/23/2023 13:45,6/23/2023 13:45
234,127,Eugene Gonzaga,2021-08-19 13:42:05,33000,6/19/2023 20:14,6/19/2023 20:14
235,127,Mark Anthony Dominguez,2021-08-19 13:42:05,33000,6/20/2023 12:42,6/20/2023 12:42
236,130,Jovia Mendoza,2023-01-01 07:17:31,33000,6/23/2023 13:45,6/23/2023 13:45
237,130,Miles Zamora,2023-01-01 07:17:31,33000,6/19/2023 20:14,6/19/2023 20:14
238,130,Andy Toledo,2023-01-01 07:17:31,33000,6/20/2023 12:42,6/20/2023 12:42
239,132,Avis Belen,2019-02-04 00:17:31,33000,6/23/2023 13:45,6/23/2023 13:45
240,132,Lucas Pangilinan,2019-02-04 00:17:31,33000,6/19/2023 20:14,6/19/2023 20:14
241,133,Elaine Advincula,2019-08-09 23:24:09,33000,6/20/2023 12:42,6/20/2023 12:42
242,133,Caelan Verano,2019-08-09 23:24:09,33000,6/23/2023 13:45,6/23/2023 13:45
243,133,Fraley Guerrero,2019-08-09 23:24:09,33000,6/19/2023 20:14,6/19/2023 20:14
244,133,Jonathan Duran,2019-08-09 23:24:09,33000,6/20/2023 12:42,6/20/2023 12:42
245,134,Angel Ong,2020-02-26 09:27:24,33000,6/23/2023 13:45,6/23/2023 13:45
246,134,Kyle Toledo,2020-02-26 09:27:24,33000,6/19/2023 20:14,6/19/2023 20:14
247,134,Euan Austria,2020-02-26 09:27:24,33000,6/20/2023 12:42,6/20/2023 12:42
248,134,Arvin Prado,2020-02-26 09:27:24,33000,6/23/2023 13:45,6/23/2023 13:45
249,135,Natalie Aragon,2020-08-24 06:27:40,33000,6/19/2023 20:14,6/19/2023 20:14
250,135,Bora Camacho,2020-08-24 06:27:40,33000,6/20/2023 12:42,6/20/2023 12:42
251,135,Chloe Mejia,2020-08-24 06:27:40,33000,6/23/2023 13:45,6/23/2023 13:45
252,135,Charlene Basa,2020-08-24 06:27:40,33000,6/19/2023 20:14,6/19/2023 20:14
253,135,Sophiel Soriano,2020-08-24 06:27:40,33000,6/20/2023 12:42,6/20/2023 12:42
254,136,Liz Collado,2021-02-03 05:58:56,10800,6/23/2023 13:45,6/23/2023 13:45
255,136,Murphy Avila,2021-02-03 05:58:56,10800,6/19/2023 20:14,6/19/2023 20:14
256,136,Sasha Bernardino,2021-02-03 05:58:56,10800,6/20/2023 12:42,6/20/2023 12:42
257,136,Ysanne Alvarez,2021-02-03 05:58:56,10800,6/23/2023 13:45,6/23/2023 13:45
258,137,Blessica Eugenio,2021-08-26 04:45:21,33000,6/19/2023 20:14,6/19/2023 20:14
259,137,Iris Cortez,2021-08-26 04:45:21,33000,6/20/2023 12:42,6/20/2023 12:42
260,137,Francine Javier,2021-08-26 04:45:21,33000,6/23/2023 13:45,6/23/2023 13:45
261,138,Sasha Tenorio,2022-02-07 04:49:41,10800,6/19/2023 20:14,6/19/2023 20:14
262,138,Fyra David,2022-02-07 04:49:41,10800,6/20/2023 12:42,6/20/2023 12:42
263,138,Kyla Asuncion,2022-02-07 04:49:41,10800,6/23/2023 13:45,6/23/2023 13:45
264,138,Viola Villarin,2022-02-07 04:49:41,10800,6/19/2023 20:14,6/19/2023 20:14
265,139,Gracelyn Beltran,2022-08-13 06:12:44,33000,6/20/2023 12:42,6/20/2023 12:42
266,139,Nara Trinidad,2022-08-13 06:12:44,33000,6/23/2023 13:45,6/23/2023 13:45
267,139,Eloise Catalan,2022-08-13 06:12:44,33000,6/19/2023 20:14,6/19/2023 20:14
268,139,Angelica Toledo,2022-08-13 06:12:44,33000,6/20/2023 12:42,6/20/2023 12:42
269,140,Stephanie Casas,2023-01-19 10:04:57,33000,6/23/2023 13:45,6/23/2023 13:45
270,140,Francesca Bernal,2023-01-19 10:04:57,33000,6/19/2023 20:14,6/19/2023 20:14
271,140,Aquene Ponce,2023-01-19 10:04:57,33000,6/20/2023 12:42,6/20/2023 12:42
272,140,Aintza Ramirez,2023-01-19 10:04:57,33000,6/23/2023 13:45,6/23/2023 13:45
273,141,Janeeva Constantino,2018-09-25 04:11:32,33000,6/19/2023 20:14,6/19/2023 20:14
274,141,Cyril Cristobal,2018-09-25 04:11:32,33000,6/20/2023 12:42,6/20/2023 12:42
275,141,Leroy Felipe,2018-09-25 04:11:32,33000,6/23/2023 13:45,6/23/2023 13:45
276,141,Faro Chua,2018-09-25 04:11:32,33000,6/19/2023 20:14,6/19/2023 20:14
277,144,Nora Espino,2020-01-26 05:28:33,33000,6/20/2023 12:42,6/20/2023 12:42
278,144,Aidric Concepcion,2020-01-26 05:28:33,33000,6/23/2023 13:45,6/23/2023 13:45
279,144,Calix Ventura,2020-01-26 05:28:33,33000,6/19/2023 20:14,6/19/2023 20:14
280,144,Gabriel Roldan,2020-01-26 05:28:33,33000,6/20/2023 12:42,6/20/2023 12:42
281,149,Katrice Ronquillo,2022-08-28 09:01:53,33000,6/23/2023 13:45,6/23/2023 13:45
282,149,Rizalino Magbanua,2022-08-28 09:01:53,33000,6/19/2023 20:14,6/19/2023 20:14
283,149,Danilo Calderon,2022-08-28 09:01:53,33000,6/20/2023 12:42,6/20/2023 12:42
284,152,Jaime Morales,2019-01-26 08:19:33,33000,6/23/2023 13:45,6/23/2023 13:45
285,152,Theo de Jesus,2019-01-26 08:19:33,33000,6/19/2023 20:14,6/19/2023 20:14
286,152,James Arevalo,2019-01-26 08:19:33,33000,6/20/2023 12:42,6/20/2023 12:42
287,152,Jerome Cinco,2019-01-26 08:19:33,33000,6/23/2023 13:45,6/23/2023 13:45
288,152,Riley Salas,2019-01-26 08:19:33,33000,6/19/2023 20:14,6/19/2023 20:14
289,154,Harlem de Guzman,2020-02-20 14:22:46,33000,6/20/2023 12:42,6/20/2023 12:42
290,154,Ethan Omar,2020-02-20 14:22:46,33000,6/23/2023 13:45,6/23/2023 13:45
291,154,Nigel Porras,2020-02-20 14:22:46,33000,6/19/2023 20:14,6/19/2023 20:14
292,154,Ricardo Camacho,2020-02-20 14:22:46,33000,6/20/2023 12:42,6/20/2023 12:42
293,155,Jonas Chavez,2020-08-12 11:58:56,33000,6/23/2023 13:45,6/23/2023 13:45
294,155,Benny Arevalo,2020-08-12 11:58:56,33000,6/19/2023 20:14,6/19/2023 20:14
295,155,Skye Romero,2020-08-12 11:58:56,33000,6/20/2023 12:42,6/20/2023 12:42
296,155,Mueller Valencia,2020-08-12 11:58:56,33000,6/23/2023 13:45,6/23/2023 13:45
297,155,Finn Mallari,2020-08-12 11:58:56,33000,6/19/2023 20:14,6/19/2023 20:14
298,157,Justine Plaza,2021-08-11 03:36:52,10800,6/20/2023 12:42,6/20/2023 12:42
299,157,Cyler Rosal,2021-08-11 03:36:52,10800,6/23/2023 13:45,6/23/2023 13:45
300,157,Crisanto Carino,2021-08-11 03:36:52,10800,6/19/2023 20:14,6/19/2023 20:14
301,159,Jermaine Cuizon,2022-08-31 20:44:31,33000,6/20/2023 12:42,6/20/2023 12:42
302,159,Mark Anthony Cortes,2021-08-11 03:36:52,33000,6/23/2023 13:45,6/23/2023 13:45
303,159,Alistair Villaruel,2021-08-11 03:36:52,33000,6/19/2023 20:14,6/19/2023 20:14
304,159,Luca Carpio,2021-08-11 03:36:52,33000,6/20/2023 12:42,6/20/2023 12:42
305,160,Johnny Legaspi,2023-01-20 21:21:54,33000,6/23/2023 13:45,6/23/2023 13:45
306,160,Leslie Calma,2023-01-20 21:21:54,33000,6/19/2023 20:14,6/19/2023 20:14
307,160,Sunday Villegas,2023-01-20 21:21:54,33000,6/20/2023 12:42,6/20/2023 12:42
308,160,Nara Villanueva,2023-01-20 21:21:54,33000,6/23/2023 13:45,6/23/2023 13:45
309,165,Arellano Bello,2020-07-15 11:32:36,33000,6/19/2023 20:14,6/19/2023 20:14
310,165,Hailey Panganiban,2020-07-15 11:32:36,33000,6/20/2023 12:42,6/20/2023 12:42
311,165,Charlie Sison,2020-07-15 11:32:36,33000,6/23/2023 13:45,6/23/2023 13:45
312,168,James Diaz,2022-02-28 06:14:10,33000,6/19/2023 20:14,6/19/2023 20:14
313,168,Louvel Lim,2022-02-28 06:14:10,33000,6/20/2023 12:42,6/20/2023 12:42
314,168,Lyka Mae Jacinto,2022-02-28 06:14:10,33000,6/23/2023 13:45,6/23/2023 13:45
315,170,Albert Magno,2023-01-05 12:12:45,33000,6/19/2023 20:14,6/19/2023 20:14
316,170,Florence Ariola,2023-01-05 12:12:45,33000,6/20/2023 12:42,6/20/2023 12:42
317,170,Sylvia Pablo,2023-01-05 12:12:45,33000,6/23/2023 13:45,6/23/2023 13:45
318,170,Sirena Natividad,2023-01-05 12:12:45,33000,6/19/2023 20:14,6/19/2023 20:14
319,171,Joshua Lozano,2018-09-07 17:46:44,33000,6/20/2023 12:42,6/20/2023 12:42
320,171,Zoe Lucas,2018-09-07 17:46:44,33000,6/23/2023 13:45,6/23/2023 13:45
321,171,Cynthia Magallanes,2018-09-07 17:46:44,33000,6/19/2023 20:14,6/19/2023 20:14
322,171,Giselle Mata,2018-09-07 17:46:44,33000,6/20/2023 12:42,6/20/2023 12:42
323,172,Wilfred Viray,2019-03-12 21:31:17,33000,6/23/2023 13:45,6/23/2023 13:45
324,172,Jyn Velasquez,2019-03-12 21:31:17,33000,6/19/2023 20:14,6/19/2023 20:14
325,172,Cassie Andal,2019-03-12 21:31:17,33000,6/20/2023 12:42,6/20/2023 12:42
326,172,Blessica Avila,2019-03-12 21:31:17,33000,6/23/2023 13:45,6/23/2023 13:45
327,172,Valerie Vidal,2019-03-12 21:31:17,33000,6/19/2023 20:14,6/19/2023 20:14
328,173,Arvin Sultan,2019-07-28 21:39:39,10800,6/20/2023 12:42,6/20/2023 12:42
329,173,Katrice Bustamante,2019-07-28 21:39:39,10800,6/23/2023 13:45,6/23/2023 13:45
330,173,Vaiana Vicente,2019-07-28 21:39:39,10800,6/19/2023 20:14,6/19/2023 20:14
331,173,Bea Ronquillo,2019-07-28 21:39:39,10800,6/20/2023 12:42,6/20/2023 12:42
332,174,Xavier Dominguez,2020-02-14 15:47:18,33000,6/23/2023 13:45,6/23/2023 13:45
333,174,Sunday Gregorio,2020-02-14 15:47:18,33000,6/19/2023 20:14,6/19/2023 20:14
334,174,Hyacinth Usman,2020-02-14 15:47:18,33000,6/20/2023 12:42,6/20/2023 12:42
335,174,Giselle de Vera,2020-02-14 15:47:18,33000,6/23/2023 13:45,6/23/2023 13:45
336,175,Marco Mendez,2020-08-05 15:28:33,33000,6/19/2023 20:14,6/19/2023 20:14
337,175,Sasha de Asis,2020-08-05 15:28:33,33000,6/20/2023 12:42,6/20/2023 12:42
338,175,Erica Feliciano,2020-08-05 15:28:33,33000,6/23/2023 13:45,6/23/2023 13:45
339,175,Beverly Franco,2020-08-05 15:28:33,33000,6/19/2023 20:14,6/19/2023 20:14
340,175,Hyacinth Sebastian,2020-08-05 15:28:33,33000,6/20/2023 12:42,6/20/2023 12:42
341,176,Rizalino Toledo,2021-01-10 10:51:23,33000,6/23/2023 13:45,6/23/2023 13:45
342,176,Aries Beltran,2021-01-10 10:51:23,33000,6/19/2023 20:14,6/19/2023 20:14
343,176,Angeline Abdul,2021-01-10 10:51:23,33000,6/20/2023 12:42,6/20/2023 12:42
344,176,Samantha Alarcon,2021-01-10 10:51:23,33000,6/23/2023 13:45,6/23/2023 13:45
345,177,Yuji Domingo,2021-08-10 07:06:08,33000,6/19/2023 20:14,6/19/2023 20:14
346,177,Janice Espanola,2021-08-10 07:06:08,33000,6/20/2023 12:42,6/20/2023 12:42
347,177,Nicole Martin,2021-08-10 07:06:08,33000,6/23/2023 13:45,6/23/2023 13:45
348,178,Fergus Gonzales,2022-01-12 13:48:16,10800,6/19/2023 20:14,6/19/2023 20:14
349,178,Michelle Rivera,2022-01-12 13:48:16,10800,6/20/2023 12:42,6/20/2023 12:42
350,178,Katrice Tolentino,2022-01-12 13:48:16,10800,6/23/2023 13:45,6/23/2023 13:45
351,179,Aiden Andal,2022-08-20 17:07:45,33000,6/19/2023 20:14,6/19/2023 20:14
352,179,Angelou Carpio,2022-08-20 17:07:45,33000,6/20/2023 12:42,6/20/2023 12:42
353,179,Sylvia Pascua,2022-08-20 17:07:45,33000,6/23/2023 13:45,6/23/2023 13:45
354,179,Ysanne Ventura,2022-08-20 17:07:45,33000,6/19/2023 20:14,6/19/2023 20:14
355,180,Alvin Rubio,2023-01-15 09:39:51,33000,6/20/2023 12:42,6/20/2023 12:42
356,180,Charlotte Vasquez,2023-01-15 09:39:51,33000,6/23/2023 13:45,6/23/2023 13:45
357,180,Quinn Mahinay,2023-01-15 09:39:51,33000,6/19/2023 20:14,6/19/2023 20:14
358,180,Elaine Alcantara,2023-01-15 09:39:51,33000,6/20/2023 12:42,6/20/2023 12:42
359,182,John Lloyd Camacho,2019-02-08 01:01:36,33000,6/23/2023 13:45,6/23/2023 13:45
360,182,Jyn Galvez,2019-02-08 01:01:36,33000,6/19/2023 20:14,6/19/2023 20:14
361,182,Ophelia Rivera,2019-02-08 01:01:36,33000,6/20/2023 12:42,6/20/2023 12:42
362,182,Stephanie Mendoza,2019-02-08 01:01:36,33000,6/23/2023 13:45,6/23/2023 13:45