id,user_id,first_name,last_name,email,username,email_verified_at,college,department,position,emp_no,image,created_at,updated_at
,,Wilhelm,Javier,javier_wilhelm@adumail.com,wilhelmjavier,,College of Science,Biology Department,Chairperson,202012386,profile.man2.png,,
,,Maria Katrina,De Paz,depaz_maria@adumail.com,mkdepaz,,College of Science,Chemistry Department,Chairperson,202012399,profile.woman8.png,,
,,Ma. Christina,Navarro,navarro_ma.christina@adumail.com,mcnavarro,,College of Science,Computer Science Department,Chairperson,202012419,profile.woman11.png,,
,,Eleanor,Austria,lorevie.faith.petalcorin@adamson.edu.ph,eleanoraustria,,College of Science,"Dean, College of Science ",Dean,202012431,profile.woman13.png,,
,,Marvi,Bayrante,bernadette.lim@adamson.edu.ph,marvibayrante,,College of Science,Information Technology and Information System Department,Chairperson,202012433,profile.woman14.png,,
,,Robertson,Laban,laban_robertson@adumail.com,robertsonlaban,,College of Science,Math and Physics Department,Chairperson,202012455,profile.man10.png,,
,,Michael,Valdez,valdez_michael@adumail.com,michaelvaldez,,College of Business Administration,Customs Administration Department ,Chairperson,202012503,profile.man15.png,,
,,Emily,Baluyot,baluyot_emily@adumail.com,emilybaluyot,,College of Business Administration,Finance and Economics Department,Chairperson,202012504,profile.woman10.png,,
,,Zhester,Bonifacio,bonifacio_zhester@adumail.com,zhesterbonifacio,,College of Business Administration,Hospitality Management Department,Chairperson,202012518,profile.man1.png,,
,,Ruben,Nayve,nayve_ruben@adumail.com,rubennayve,,College of Business Administration,"Dean, College of Business Administration",Dean,202012524,profile.man6.png,,
,,Ailene,Ayson,ayson_ailene@adumail.com,aileneayson,,College of Education and Liberal Arts,Communication Department ,Chairperson,202012544,profile.woman12.png,,
,,Roaslie,Blancaflor,meriales_roaslie@adumail.com,rosaliemeriales,,College of Education and Liberal Arts,Education Department ,Chairperson,202012561,profile.woman17.png,,
,,Rizal,Dapat,dapat_rizal@adumail.com,rizaldapat,,College of Education and Liberal Arts,Languages Department,Chairperson,202012571,profile.man10.png,,
,,Mark Christian,Siwa,siwa_mark@adumail.com,mcsiwa,,College of Education and Liberal Arts,Physical Education Department   ,Chairperson,202012581,profile.man19.png,,
,,Gliceria,Lunag,lunag_gliceria@adumail.com,glicerialunag,,College of Education and Liberal Arts,"Dean, College of Education and Liberal Arts",Dean,202012594,profile.woman13.png,,
,,Adrian,Zulueta,zulueta_adrian@adumail.com,adrianzulueta,,College of Education and Liberal Arts,Social Science Department,Chairperson,202012597,profile.man5.png,,
,,Jerome Jordan,Famadico,famadico_jerome@adumail.com,jjfamadico,,College of Engineering,Civil Engineering Department,Chairperson,202012602,profile.man10.png,,
,,Erison,Roque,roque_erison@adumail.com,erisonroque,,College of Engineering,Chemical Engineering Department,Chairperson,202012615,profile.man19.png,,
,,Yolanda,Austria,austria_yolanda@adumail.com,yolandaaustria,,College of Engineering,Computer Engineering Department,Chairperson,202012621,profile.man3.png,,
,,Edward Joseph,Castro,castro_edward@adumail.com,ejcastro,,College of Engineering,Electrical Engineering Department,Chairperson,202012631,profile.man12.png,,
,,Jasper Meynard,Arana,arana_jasper@adumail.com,jmarana,,College of Engineering,Electronics Engineering Department,Chairperson,202012644,profile.man19.png,,
,,Mary Christine,Ching,ching_mary@adumail.com,mcching,,College of Engineering,Industrial Engineering Department,Chairperson,202012660,profile.woman7.png,,
,,Noime,Fernandez,fernandez_noime@adumail.com,noimefernandez,,College of Engineering,Mechanical Engineering Department,Chairperson,202012672,profile.woman13.png,,
,,Almira,Tenorio,tenorio_almira@adumail.com,almiratenorio,,College of Nursing,"Dean, College of Nursing",Dean,202012705,profile.woman5.png,,
,,Perlita,Crucis,crucis_perlita@adumail.com,perlitacrucis,,College of Pharmacy ,"Dean, College of Pharmacy",Dean,202012708,profile.woman6.png,,
,,Richmond,Yap,wren.marc.munoz@adamson.edu.ph,richmondyap,,Academic Office ,Human Resource Management and Development Office ,HRMDO Director,202012739,profile.man20.png,,
,,Maricar,Dagpin,adamsoncapstone@gmail.com,maricardagpin,,Academic Office ,Human Resource Management and Development Office ,Coordinator,202012740,profile.woman1.png,,
,,Merlinda ,Palencia,merlinda_palencia@adamson.edu.ph,merlindapalencia,,College of Engineering,"Dean, College of Engineering ",Dean,202012688,profile.woman17.png,,
,,Anna Maria,Abad ,annamaria_abad@adamson.edu.ph,annamariaabad,,College of Law,"Dean, College of Law",Dean,202012689,profile.woman18.png,,
,,Lester Alfred,Olasiman,lesteralfred_olasiman@adamson.edu.ph,lesteralfredolasiman,,College of Engineering,Petrolleum Engineering Department,Chairperson,202012687,profile.man12.png,,
,,Venusmar,Quevedo,gio.mari.yumul@adamson.edu.ph,venusmarquevedo,,Academic Office ,Office of the Vice President for Administrative Affairs,VPA,202012688,profile.woman2.png,,
,,Sylvester  ,Seno ,sylvester_seno@adamson.edu.ph,sylvesterseno,,College of Architecture ,"Dean, College of Architecture",Dean,202012719,profile.woman4.png,,